INSERT INTO `quyen` (`quyen_id`, `tenquyen`) VALUES
('ADMIN', 'Quản trị hệ thống'),
('THUKYKHOA', 'Thư ký khoa'),
('GIANGVIEN', 'Giảng viên');

INSERT INTO `cathi` (`cathi_id`, `giobatdau` , `gioketthuc`) VALUES
('CA01', '07:30:00', '08:30:00'),
('CA02', '08:40:00', '09:40:00'),
('CA03', '09:50:00', '10:50:00'),
('CA04', '13:30:00', '14:30:00'),
('CA05', '14:40:00', '15:40:00'),
('CA06', '15:50:00', '16:40:00');

INSERT INTO `giangduong` (`giangduong_id`, `tengiangduong`) VALUES
('G1', 'Giảng đường G1'),
('G2', 'Giảng đường G2'),
('G3', 'Giảng đường G3');

INSERT INTO `phongthi` (`phongthi_id`, `tenphongthi`, `giangduong_id`) VALUES
('G1-101', 'Phòng 101', 'G1'),
('G1-102', 'Phòng 102', 'G1'),
('G1-103', 'Phòng 103', 'G1'),
('G1-104', 'Phòng 104', 'G1'),
('G1-105', 'Phòng 105', 'G1'),
('G2-101', 'Phòng 101', 'G2'),
('G2-102', 'Phòng 102', 'G2'),
('G2-103', 'Phòng 103', 'G2'),
('G2-104', 'Phòng 104', 'G2'),
('G2-105', 'Phòng 105', 'G2'),
('G3-101', 'Phòng 101', 'G3'),
('G3-102', 'Phòng 102', 'G3'),
('G3-103', 'Phòng 103', 'G3'),
('G3-104', 'Phòng 104', 'G3'),
('G3-105', 'Phòng 105', 'G3');

INSERT INTO `khoa` (`khoa_id`, `tenkhoa`) VALUES
('CNTT', 'Công nghệ thông tin'),
('XD', 'Xây dựng'),
('CK', 'Cơ khí');

INSERT INTO `bomon` (`bomon_id`, `tenbomon`, `khoa_id`) VALUES
('TOAN', 'Toán', 'CNTT'),
('KTPM', 'Kỹ thuật phần mềm', 'CNTT'),
('MTT', 'Mạng truyền thông', 'CNTT'),
('HTTQL', 'Hệ thống thông tin quản lý', 'CNTT'),
('CKT', 'Cơ kỹ thuật', 'XD'),
('KTXD', 'Kỹ thuật xây dựng', 'XD'),
('CSXD', 'Cơ sở xây dựng', 'XD'),
('CTM', 'Chế tạo máy', 'CK'),
('CDT', 'Cơ điện tử', 'CK');

INSERT INTO `monthi` (`monthi_id`, `tenmonthi`, `bomon_id`) VALUES
('VLKT', 'Vật liệu kỹ thuật', 'CTM'),
('KTTK', 'Kỹ thuật thủy khí', 'CTM'),
('DLHCH', 'Động lực học cơ hệ', 'CTM'),
('NLC', 'Nguyên lý cắt', 'CDT'),
('CTHTK', 'Công thái học và thiết kế', 'CDT'),
('SBVL', 'Sức bền vật liệu', 'CDT'),

('CHLC', 'Cơ học lưu chất', 'CKT'),
('DLHCT', 'Động lực học công trình', 'CKT'),
('CHKC1', 'Cơ học kết cấu 1', 'CKT'),
('VLXD', 'Vật liệu xây dựng', 'CSXD'),
('DHKT', 'Đồ họa kỹ thuật', 'CSXD'),
('MXD', 'Máy xây dựng', 'CSXD'),
('CTN', 'Cấp thoát nước', 'CSXD'),
('DCCT', 'Địa chất công trình', 'KTXD'),
('TLTV', 'Thủy lực & Thủy văn', 'KTXD'),
('TCTC', 'Tổ chức thi công', 'KTXD'),

('HTTQL', 'Hệ thống tin quản lý', 'HTTQL'),
('TKWKD', 'Thiết kế web kinh doanh', 'HTTQL'),
('QTSX', 'Quản trị sản xuất', 'HTTQL'),
('MMT', 'Mạng máy tính', 'MTT'),
('TBMVCH', 'Thiết bị mạng và cấu hình', 'MTT'),
('LTM', 'Lập trình mạng', 'MTT'),
('PTUDW', 'Phát triển ứng dụng Web', 'KTPM'),
('TKW', 'Thiết kế web', 'KTPM'),
('LTHDT', 'Lập trình hướng đối tượng', 'KTPM'),
('DSTT', 'Đại số tuyến tính', 'TOAN'),
('GT', 'Giải tính', 'TOAN'),
('XSTK', 'Lý thuyết xác suất và thống kê toán', 'TOAN');


INSERT INTO `phongthi_ca` (`id`, `phongthi_id`, `cathi_id`, `ngaythi`, `monthi_id`) VALUES
('','G1-101', 'CA02', '2022-04-04', 'VLKT'),
('','G2-101', 'CA02', '2022-04-04', 'LTM'),
('','G1-103', 'CA03', '2022-04-04', 'TLTV'),
('','G1-104', 'CA04', '2022-04-04', 'CTN'),
('','G1-105', 'CA05', '2022-04-04', 'TBMVCH'),

('','G3-101', 'CA04', '2022-04-05', 'XSTK'),
('','G3-101', 'CA02', '2022-04-05', 'GT'),
('','G2-101', 'CA03', '2022-04-05', 'KTTK'),
('','G1-101', 'CA04', '2022-04-05', 'CHLC'),
('','G3-101', 'CA05', '2022-04-05', 'MMT'),

('','G1-101', 'CA05', '2022-04-06', 'DSTT'),
('','G1-101', 'CA02', '2022-04-06', 'LTHDT'),
('','G3-101', 'CA03', '2022-04-06', 'TCTC'),
('','G1-101', 'CA04', '2022-04-06', 'MXD'),
('','G3-101', 'CA05', '2022-04-06', 'DLHCH'),

('','G3-101', 'CA03', '2022-04-07', 'TKW'),
('','G2-101', 'CA02', '2022-04-07', 'PTUDW'),
('','G1-101', 'CA03', '2022-04-07', 'VLXD'),
('','G2-101', 'CA04', '2022-04-07', 'NLC'),
('','G1-101', 'CA05', '2022-04-07', 'SBVL'),

('','G1-101', 'CA01', '2022-04-08', 'HTTQL'),
('','G3-101', 'CA02', '2022-04-08', 'TKWKD'),
('','G1-101', 'CA03', '2022-04-08', 'DHKT'),
('','G2-101', 'CA04', '2022-04-08', 'CTHTK'),
('','G1-101', 'CA05', '2022-04-08', 'DCCT');

INSERT INTO `users` (`id`, `giangvien_id`, `email`, `password`, `name`, `connho`, `ngaysinh`, `diachi`, `sodienthoai`, `avatar`, `bomon_id`, `email_verified_at`, `remember_token`, `created_at`, `updated_at`) VALUES
('', '2004017', 'nguyenkhaccuong@gmail.com', '$2y$10$t6XbG4dcDi.DdOR6GLE7peezGjXdNou2ssYA55RKYiCKEOFGGBYF6', 'Nguyễn Khắc Cường', NULL, NULL, NULL, NULL, NULL, 'MTT', NULL, NULL, NULL, NULL),
('', '2019025', 'nguyenhuynhhuy@gmail.com', '$2y$10$t6XbG4dcDi.DdOR6GLE7peezGjXdNou2ssYA55RKYiCKEOFGGBYF6', 'Nguyễn Huỳnh Huy', NULL, NULL, NULL, NULL, NULL, 'MTT', NULL, NULL, NULL, NULL),
('', '2005016', 'tranmanhkhang@gmail.com', '$2y$10$t6XbG4dcDi.DdOR6GLE7peezGjXdNou2ssYA55RKYiCKEOFGGBYF6', 'Trần Mạnh Khang', NULL, NULL, NULL, NULL, NULL, 'MTT', NULL, NULL, NULL, NULL),
('', '2008005', 'huynhtuananh@gmail.com', '$2y$10$t6XbG4dcDi.DdOR6GLE7peezGjXdNou2ssYA55RKYiCKEOFGGBYF6', 'Huỳnh Tuấn Anh', NULL, NULL, NULL, NULL, NULL, 'MTT', NULL, NULL, NULL, NULL),
('', '1998003', 'nguyenthanhquynhchau@gmail.com', '$2y$10$t6XbG4dcDi.DdOR6GLE7peezGjXdNou2ssYA55RKYiCKEOFGGBYF6', 'Nguyễn Thanh Quỳnh Châu', NULL, NULL, NULL, NULL, NULL, 'KTPM', NULL, NULL, NULL, NULL),
('', '2004006', 'nguyendinhcuong@gmail.com', '$2y$10$t6XbG4dcDi.DdOR6GLE7peezGjXdNou2ssYA55RKYiCKEOFGGBYF6', 'Nguyễn Đình Cường', NULL, NULL, NULL, NULL, NULL, 'KTPM', NULL, NULL, NULL, NULL),
('', '2002006', 'lethibichhang@gmail.com', '$2y$10$t6XbG4dcDi.DdOR6GLE7peezGjXdNou2ssYA55RKYiCKEOFGGBYF6', 'Lê Thị Bích Hằng', NULL, NULL, NULL, NULL, NULL, 'KTPM', NULL, NULL, NULL, NULL),
('', '2001011', 'nguyendinhhung@gmail.com', '$2y$10$t6XbG4dcDi.DdOR6GLE7peezGjXdNou2ssYA55RKYiCKEOFGGBYF6', 'Nguyễn Đình Hưng', NULL, NULL, NULL, NULL, NULL, 'KTPM', NULL, NULL, NULL, NULL),
('', '1986006', 'nguyendinhai@gmail.com', '$2y$10$t6XbG4dcDi.DdOR6GLE7peezGjXdNou2ssYA55RKYiCKEOFGGBYF6', 'Nguyễn Đình Ái', NULL, NULL, NULL, NULL, NULL, 'TOAN', NULL, NULL, NULL, NULL),
('', '2004008', 'nguyenthiha@gmail.com', '$2y$10$t6XbG4dcDi.DdOR6GLE7peezGjXdNou2ssYA55RKYiCKEOFGGBYF6', 'Nguyễn Thị Hà', NULL, NULL, NULL, NULL, NULL, 'TOAN', NULL, NULL, NULL, NULL),
('', '2007019', 'nguyencanhhung@gmail.com', '$2y$10$t6XbG4dcDi.DdOR6GLE7peezGjXdNou2ssYA55RKYiCKEOFGGBYF6', 'Nguyễn Cảnh Hùng', NULL, NULL, NULL, NULL, NULL, 'TOAN', NULL, NULL, NULL, NULL),
('', '1987002', 'phamgiahung@gmail.com', '$2y$10$t6XbG4dcDi.DdOR6GLE7peezGjXdNou2ssYA55RKYiCKEOFGGBYF6', 'Phạm Gia Hưng', NULL, NULL, NULL, NULL, NULL, 'TOAN', NULL, NULL, NULL, NULL),
('', '2005002', 'nguyenthuydoantrang@gmail.com', '$2y$10$t6XbG4dcDi.DdOR6GLE7peezGjXdNou2ssYA55RKYiCKEOFGGBYF6', 'Nguyễn Thủy Đoan Trang', NULL, NULL, NULL, NULL, NULL, 'HTTQL', NULL, NULL, NULL, NULL),
('', '2007031', 'nguyendinhhoangson@gmail.com', '$2y$10$t6XbG4dcDi.DdOR6GLE7peezGjXdNou2ssYA55RKYiCKEOFGGBYF6', 'Nguyễn Đình Hoàng Sơn', NULL, NULL, NULL, NULL, NULL, 'HTTQL', NULL, NULL, NULL, NULL),
('', '2001025', 'phamthithuthuy@gmail.com', '$2y$10$t6XbG4dcDi.DdOR6GLE7peezGjXdNou2ssYA55RKYiCKEOFGGBYF6', 'Phạm Thị Thu Thúy', NULL, NULL, NULL, NULL, NULL, 'HTTQL', NULL, NULL, NULL, NULL),
('', '2004009', 'hathithanhnga@gmail.com', '$2y$10$t6XbG4dcDi.DdOR6GLE7peezGjXdNou2ssYA55RKYiCKEOFGGBYF6', 'Hà Thị Thanh Ngà', NULL, NULL, NULL, NULL, NULL, 'HTTQL', NULL, NULL, NULL, NULL),
('', '2009026', 'lethanhcao@gmail.com', '$2y$10$t6XbG4dcDi.DdOR6GLE7peezGjXdNou2ssYA55RKYiCKEOFGGBYF6', 'Lê Thanh Cao', NULL, NULL, NULL, NULL, NULL, 'KTXD', NULL, NULL, NULL, NULL),
('', '2009005', 'bachvansy@gmail.com', '$2y$10$t6XbG4dcDi.DdOR6GLE7peezGjXdNou2ssYA55RKYiCKEOFGGBYF6', 'Bạch Văn Sỹ', NULL, NULL, NULL, NULL, NULL, 'KTXD', NULL, NULL, NULL, NULL),
('', '2015021', 'tranquanghuy@gmail.com', '$2y$10$t6XbG4dcDi.DdOR6GLE7peezGjXdNou2ssYA55RKYiCKEOFGGBYF6', 'Trần Quang Huy', NULL, NULL, NULL, NULL, NULL, 'KTXD', NULL, NULL, NULL, NULL),
('', '2012007', 'hochihan@gmail.com', '$2y$10$t6XbG4dcDi.DdOR6GLE7peezGjXdNou2ssYA55RKYiCKEOFGGBYF6', 'Hồ Chí Hân', NULL, NULL, NULL, NULL, NULL, 'KTXD', NULL, NULL, NULL, NULL),
('', '2020003', 'truongthanhchung@gmail.com', '$2y$10$t6XbG4dcDi.DdOR6GLE7peezGjXdNou2ssYA55RKYiCKEOFGGBYF6', 'Trương Thành Chung', NULL, NULL, NULL, NULL, NULL, 'CKT', NULL, NULL, NULL, NULL),
('', '2009008', 'truongdacdung@gmail.com', '$2y$10$t6XbG4dcDi.DdOR6GLE7peezGjXdNou2ssYA55RKYiCKEOFGGBYF6', 'Trương Đắc Dũng', NULL, NULL, NULL, NULL, NULL, 'CKT', NULL, NULL, NULL, NULL),
('', '2009009', 'duongdinhhao@gmail.com', '$2y$10$t6XbG4dcDi.DdOR6GLE7peezGjXdNou2ssYA55RKYiCKEOFGGBYF6', 'Dương Đình Hảo', NULL, NULL, NULL, NULL, NULL, 'CKT', NULL, NULL, NULL, NULL),
('', '1997012', 'quachhoainam@gmail.com', '$2y$10$t6XbG4dcDi.DdOR6GLE7peezGjXdNou2ssYA55RKYiCKEOFGGBYF6', 'Quách Hoài Nam', NULL, NULL, NULL, NULL, NULL, 'CKT', NULL, NULL, NULL, NULL),
('', '2007048', 'phamtuananh@gmail.com', '$2y$10$t6XbG4dcDi.DdOR6GLE7peezGjXdNou2ssYA55RKYiCKEOFGGBYF6', 'Phạm Tuấn Anh', NULL, NULL, NULL, NULL, NULL, 'CSXD', NULL, NULL, NULL, NULL),
('', '1991003', 'truongtronganh@gmail.com', '$2y$10$t6XbG4dcDi.DdOR6GLE7peezGjXdNou2ssYA55RKYiCKEOFGGBYF6', 'Trương Trọng Ánh', NULL, NULL, NULL, NULL, NULL, 'CSXD', NULL, NULL, NULL, NULL),
('', '1981003', 'levanbinh@gmail.com', '$2y$10$t6XbG4dcDi.DdOR6GLE7peezGjXdNou2ssYA55RKYiCKEOFGGBYF6', 'Lê Văn Bình', NULL, NULL, NULL, NULL, NULL, 'CSXD', NULL, NULL, NULL, NULL),
('', '1987009', 'tranngocnhuan@gmail.com', '$2y$10$t6XbG4dcDi.DdOR6GLE7peezGjXdNou2ssYA55RKYiCKEOFGGBYF6', 'Trần Ngọc Nhuần', NULL, NULL, NULL, NULL, NULL, 'CSXD', NULL, NULL, NULL, NULL),
('', '2007011', 'nguyenthienchuong@gmail.com', '$2y$10$t6XbG4dcDi.DdOR6GLE7peezGjXdNou2ssYA55RKYiCKEOFGGBYF6', 'Nguyễn Thiên Chương', NULL, NULL, NULL, NULL, NULL, 'CDT', NULL, NULL, NULL, NULL),
('', '2007040', 'tranvanhung@gmail.com', '$2y$10$t6XbG4dcDi.DdOR6GLE7peezGjXdNou2ssYA55RKYiCKEOFGGBYF6', 'Trần Văn Hùng', NULL, NULL, NULL, NULL, NULL, 'CDT', NULL, NULL, NULL, NULL),
('', '2014006', 'vuthinhai@gmail.com', '$2y$10$t6XbG4dcDi.DdOR6GLE7peezGjXdNou2ssYA55RKYiCKEOFGGBYF6', 'Vũ Thị Nhài', NULL, NULL, NULL, NULL, NULL, 'CDT', NULL, NULL, NULL, NULL),
('', '2007014', 'nguyenvandinh@gmail.com', '$2y$10$t6XbG4dcDi.DdOR6GLE7peezGjXdNou2ssYA55RKYiCKEOFGGBYF6', 'Nguyễn Văn Định', NULL, NULL, NULL, NULL, NULL, 'CDT', NULL, NULL, NULL, NULL),
('', '2010015', 'vungocchien@gmail.com', '$2y$10$t6XbG4dcDi.DdOR6GLE7peezGjXdNou2ssYA55RKYiCKEOFGGBYF6', 'Vũ Ngọc Chiên', NULL, NULL, NULL, NULL, NULL, 'CTM', NULL, NULL, NULL, NULL),
('', '2007018', 'nguyenvanhan@gmail.com', '$2y$10$t6XbG4dcDi.DdOR6GLE7peezGjXdNou2ssYA55RKYiCKEOFGGBYF6', 'Nguyễn Văn Hân', NULL, NULL, NULL, NULL, NULL, 'CTM', NULL, NULL, NULL, NULL),
('', '1999004', 'trandoanhung@gmail.com', '$2y$10$t6XbG4dcDi.DdOR6GLE7peezGjXdNou2ssYA55RKYiCKEOFGGBYF6', 'Trần Doãn Hùng', NULL, NULL, NULL, NULL, NULL, 'CTM', NULL, NULL, NULL, NULL),
('', '2010001', 'nguyenminhquan@gmail.com', '$2y$10$t6XbG4dcDi.DdOR6GLE7peezGjXdNou2ssYA55RKYiCKEOFGGBYF6', 'Nguyễn Minh Quân', NULL, NULL, NULL, NULL, NULL, 'CTM', NULL, NULL, NULL, NULL);

INSERT INTO `quyen_giangvien` (`quyen_id`, `giangvien_id`) VALUES
('ADMIN','2001025'),
('THUKYKHOA','2008005'),
('GIANGVIEN','2004017'),
('GIANGVIEN','2019025'),
('GIANGVIEN','2005016'),
('GIANGVIEN','1998003'),
('GIANGVIEN','2004006'),
('GIANGVIEN','2002006'),
('GIANGVIEN','2001011'),
('GIANGVIEN','1986006'),
('GIANGVIEN','2004008'),
('GIANGVIEN','2007019'),
('GIANGVIEN','1987002'),
('GIANGVIEN','2005002'),
('GIANGVIEN','2007031'),
('GIANGVIEN','2004009'),
('THUKYKHOA','2009026'),
('GIANGVIEN','2009005'),
('GIANGVIEN','2015021'),
('GIANGVIEN','2012007'),
('GIANGVIEN','2020003'),
('GIANGVIEN','2009008'),
('GIANGVIEN','2009009'),
('GIANGVIEN','1997012'),
('GIANGVIEN','2007048'),
('GIANGVIEN','1991003'),
('GIANGVIEN','1981003'),
('GIANGVIEN','1987009'),
('GIANGVIEN','2007011'),
('GIANGVIEN','2007040'),
('GIANGVIEN','2014006'),
('GIANGVIEN','2007014'),
('GIANGVIEN','2010015'),
('GIANGVIEN','2007018'),
('GIANGVIEN','1999004'),
('THUKYKHOA','2010001');
