
INSERT INTO `cathi` (`cathi_id`, `giobatdau` , `gioketthuc`, `created_at`, `updated_at`) VALUES
('CA01', '07:30:00', '08:30:00', NULL, NULL),
('CA02', '08:40:00', '09:40:00', NULL, NULL),
('CA03', '09:50:00', '10:50:00', NULL, NULL),
('CA04', '13:30:00', '14:30:00', NULL, NULL),
('CA05', '14:40:00', '15:40:00', NULL, NULL),
('CA06', '15:50:00', '16:40:00', NULL, NULL);

INSERT INTO `giangduong` (`giangduong_id`, `tengiangduong`, `created_at`, `updated_at`) VALUES
('G1', 'Giảng đường G1', NULL, NULL),
('G2', 'Giảng đường G2', NULL, NULL),
('G3', 'Giảng đường G3', NULL, NULL),
('G4', 'Giảng đường G4', NULL, NULL),
('G5', 'Giảng đường G5', NULL, NULL),
('G6', 'Giảng đường G6', NULL, NULL),
('G7', 'Giảng đường G7', NULL, NULL);

INSERT INTO `phongthi` (`phongthi_id`, `tenphongthi`, `giangduong_id`, `created_at`, `updated_at`) VALUES
('G1-101', 'Phòng 101', 'G1', NULL, NULL),
('G1-102', 'Phòng 102', 'G1', NULL, NULL),
('G1-103', 'Phòng 103', 'G1', NULL, NULL),
('G1-104', 'Phòng 104', 'G1', NULL, NULL),
('G1-105', 'Phòng 105', 'G1', NULL, NULL),
('G2-101', 'Phòng 101', 'G2', NULL, NULL),
('G2-102', 'Phòng 102', 'G2', NULL, NULL),
('G2-103', 'Phòng 103', 'G2', NULL, NULL),
('G2-104', 'Phòng 104', 'G2', NULL, NULL),
('G2-105', 'Phòng 105', 'G2', NULL, NULL),
('G3-101', 'Phòng 101', 'G3', NULL, NULL),
('G3-102', 'Phòng 102', 'G3', NULL, NULL),
('G3-103', 'Phòng 103', 'G3', NULL, NULL),
('G3-104', 'Phòng 104', 'G3', NULL, NULL),
('G3-105', 'Phòng 105', 'G3', NULL, NULL);

INSERT INTO `khoa` (`khoa_id`, `tenkhoa`, `created_at`, `updated_at`) VALUES
('CNTT', 'Công nghệ thông tin', NULL, NULL),
('XD', 'Xây dựng', NULL, NULL),
('CK', 'Cơ khí', NULL, NULL);

INSERT INTO `bomon` (`bomon_id`, `tenbomon`, `khoa_id`, `created_at`, `updated_at`) VALUES
('TOAN', 'Toán', 'CNTT', NULL, NULL),
('KTPM', 'Kỹ thuật phần mềm', 'CNTT', NULL, NULL),
('MTT', 'Mạng truyền thông', 'CNTT', NULL, NULL),
('HTTQL', 'Hệ thống thông tin quản lý', 'CNTT', NULL, NULL),
('CKT', 'Cơ kỹ thuật', 'XD', NULL, NULL),
('KTXD', 'Kỹ thuật xây dựng', 'XD', NULL, NULL),
('CSXD', 'Cơ sở xây dựng', 'XD', NULL, NULL),
('CTM', 'Chế tạo máy', 'CK', NULL, NULL),
('CDT', 'Cơ điện tử', 'CK', NULL, NULL);

INSERT INTO `monhoc` (`monhoc_id`, `tenmonhoc`, `bomon_id`, `created_at`, `updated_at`) VALUES
('VLKT', 'Vật liệu kỹ thuật', 'CTM', NULL, NULL),
('KTTK', 'Kỹ thuật thủy khí', 'CTM', NULL, NULL),
('DLHCH', 'Động lực học cơ hệ', 'CTM', NULL, NULL),
('NLC', 'Nguyên lý cắt', 'CDT', NULL, NULL),
('CTHTK', 'Công thái học và thiết kế', 'CDT', NULL, NULL),
('SBVL', 'Sức bền vật liệu', 'CDT', NULL, NULL),

('CHLC', 'Cơ học lưu chất', 'CKT', NULL, NULL),
('DLHCT', 'Động lực học công trình', 'CKT', NULL, NULL),
('CHKC1', 'Cơ học kết cấu 1', 'CKT', NULL, NULL),
('VLXD', 'Vật liệu xây dựng', 'CSXD', NULL, NULL),
('DHKT', 'Đồ họa kỹ thuật', 'CSXD', NULL, NULL),
('MXD', 'Máy xây dựng', 'CSXD', NULL, NULL),
('CTN', 'Cấp thoát nước', 'CSXD', NULL, NULL),
('DCCT', 'Địa chất công trình', 'KTXD', NULL, NULL),
('TLTV', 'Thủy lực & Thủy văn', 'KTXD', NULL, NULL),
('TCTC', 'Tổ chức thi công', 'KTXD', NULL, NULL),

('HTTQL', 'Hệ thống tin quản lý', 'HTTQL', NULL, NULL),
('TKWKD', 'Thiết kế web kinh doanh', 'HTTQL', NULL, NULL),
('QTSX', 'Quản trị sản xuất', 'HTTQL', NULL, NULL),
('MMT', 'Mạng máy tính', 'MTT', NULL, NULL),
('TBMVCH', 'Thiết bị mạng và cấu hình', 'MTT', NULL, NULL),
('LTM', 'Lập trình mạng', 'MTT', NULL, NULL),
('PTUDW', 'Phát triển ứng dụng Web', 'KTPM', NULL, NULL),
('TKW', 'Thiết kế web', 'KTPM', NULL, NULL),
('LTHDT', 'Lập trình hướng đối tượng', 'KTPM', NULL, NULL),
('DSTT', 'Đại số tuyến tính', 'TOAN', NULL, NULL),
('GT', 'Giải tính', 'TOAN', NULL, NULL),
('XSTK', 'Lý thuyết xác suất và thống kê toán', 'TOAN', NULL, NULL);


INSERT INTO `buoithi` (`id`, `phongthi_id`, `cathi_id`, `ngaythi`, `monthi_id`, `created_at`, `updated_at`) VALUES
('','G1-101', 'CA02', '2022-04-04', 'VLKT', NULL, NULL),
('','G2-101', 'CA02', '2022-04-04', 'LTM', NULL, NULL),
('','G1-103', 'CA03', '2022-04-04', 'TLTV', NULL, NULL),
('','G1-104', 'CA04', '2022-04-04', 'CTN', NULL, NULL),
('','G1-105', 'CA05', '2022-04-04', 'TBMVCH', NULL, NULL),

('','G3-101', 'CA04', '2022-04-05', 'XSTK', NULL, NULL),
('','G3-101', 'CA02', '2022-04-05', 'GT', NULL, NULL),
('','G2-101', 'CA03', '2022-04-05', 'KTTK', NULL, NULL),
('','G1-101', 'CA04', '2022-04-05', 'CHLC', NULL, NULL),
('','G3-101', 'CA05', '2022-04-05', 'MMT', NULL, NULL),

('','G1-101', 'CA05', '2022-04-06', 'DSTT', NULL, NULL),
('','G1-101', 'CA02', '2022-04-06', 'LTHDT', NULL, NULL),
('','G3-101', 'CA03', '2022-04-06', 'TCTC', NULL, NULL),
('','G1-101', 'CA04', '2022-04-06', 'MXD', NULL, NULL),
('','G3-101', 'CA05', '2022-04-06', 'DLHCH', NULL, NULL),

('','G3-101', 'CA03', '2022-04-07', 'TKW', NULL, NULL),
('','G2-101', 'CA02', '2022-04-07', 'PTUDW', NULL, NULL),
('','G1-101', 'CA03', '2022-04-07', 'VLXD', NULL, NULL),
('','G2-101', 'CA04', '2022-04-07', 'NLC', NULL, NULL),
('','G1-101', 'CA05', '2022-04-07', 'SBVL', NULL, NULL),

('','G1-101', 'CA01', '2022-04-08', 'HTTQL', NULL, NULL),
('','G3-101', 'CA02', '2022-04-08', 'TKWKD', NULL, NULL),
('','G1-101', 'CA03', '2022-04-08', 'DHKT', NULL, NULL),
('','G2-101', 'CA04', '2022-04-08', 'CTHTK', NULL, NULL),
('','G1-101', 'CA05', '2022-04-08', 'DCCT', NULL, NULL);

INSERT INTO `roles` (`id`, `role_name`, `created_at`, `updated_at`) VALUES
('','admin', NULL, NULL),
('','thukykhoa', NULL, NULL),
('','giangvien', NULL, NULL);

INSERT INTO `routes` (`id`, `route_name`, `route_title`, `created_at`, `updated_at`) VALUES
('','giangvien.index', 'View giảng viên', NULL, NULL),
('','giangvien.create', 'Thêm giảng viên', NULL, NULL),
('','giangvien.update', 'Cập nhật giảng viên', NULL, NULL),
('','giangvien.delete', 'Xóa giảng viên', NULL, NULL),
('','monhoc.index', 'View môn học', NULL, NULL),
('','monhoc.create', 'Thêm môn học', NULL, NULL),
('','monhoc.update', 'Cập nhật môn học', NULL, NULL),
('','monhoc.delete', 'Xóa môn học', NULL, NULL),
('','bomon.index', 'View bộ môn', NULL, NULL),
('','bomon.create', 'Thêm bộ môn', NULL, NULL),
('','bomon.update', 'Cập nhật bộ môn', NULL, NULL),
('','bomon.delete', 'Xóa bộ môn', NULL, NULL),
('','khoa.index', 'View khoa', NULL, NULL),
('','khoa.create', 'Thêm khoa', NULL, NULL),
('','khoa.update', 'Cập nhật khoa', NULL, NULL),
('','khoa.delete', 'Xóa khoa', NULL, NULL),
('','phongthi.index', 'View phòng thi', NULL, NULL),
('','phongthi.create', 'Thêm phòng thi', NULL, NULL),
('','phongthi.update', 'Cập nhật phòng thi', NULL, NULL),
('','phongthi.delete', 'Xóa phòng thi', NULL, NULL),
('','buoithi.index', 'View buổi thi', NULL, NULL),
('','buoithi.create', 'Thêm buổi thi', NULL, NULL),
('','buoithi.update', 'Cập nhật buổi thi', NULL, NULL),
('','buoithi.delete', 'Xóa buổi thi', NULL, NULL),
('','lichcoithi.index', 'View lịch coi thi', NULL, NULL),
('','lichcoithi.create', 'Thêm lịch coi thi', NULL, NULL),
('','lichcoithi.update', 'Cập nhật lịch coi thi', NULL, NULL),
('','lichcoithi.delete', 'Xóa lịch coi thi', NULL, NULL);

INSERT INTO `users` (`id`, `giangvien_id`, `email`, `password`, `name`, `connho`, `ngaysinh`, `diachi`, `sodienthoai`, `avatar`, `bomon_id`, `email_verified_at`, `remember_token`, `created_at`, `updated_at`, `role_id`, `thongbaomail`) VALUES
('', '60130041', 'mangbao@gmail.com', '$2y$10$t6XbG4dcDi.DdOR6GLE7peezGjXdNou2ssYA55RKYiCKEOFGGBYF6', 'Mang Bảo', 0, '2000-01-13', 'Cam Ranh - Khánh Hòa', '0372978074', 'user_avt.jqg', 'MTT', NULL, NULL, NULL, NULL, 1, 0),
('', '2004017', 'nguyenkhaccuong@gmail.com', '$2y$10$t6XbG4dcDi.DdOR6GLE7peezGjXdNou2ssYA55RKYiCKEOFGGBYF6', 'Nguyễn Khắc Cường', 0, '2000-01-13', 'Cam Ranh - Khánh Hòa', '0372978074', 'user_avt.jqg', 'MTT', NULL, NULL, NULL, NULL, 2, 0),
('', '2019025', 'nguyenhuynhhuy@gmail.com', '$2y$10$t6XbG4dcDi.DdOR6GLE7peezGjXdNou2ssYA55RKYiCKEOFGGBYF6', 'Nguyễn Huỳnh Huy', 0, '2000-01-13', 'Cam Ranh - Khánh Hòa', '0372978074', 'user_avt.jqg', 'MTT', NULL, NULL, NULL, NULL, 3, 0),
('', '2005016', 'tranmanhkhang@gmail.com', '$2y$10$t6XbG4dcDi.DdOR6GLE7peezGjXdNou2ssYA55RKYiCKEOFGGBYF6', 'Trần Mạnh Khang', 0, '2000-01-13', 'Cam Ranh - Khánh Hòa', '0372978074', 'user_avt.jqg', 'MTT', NULL, NULL, NULL, NULL, 3, 0),
('', '2008005', 'huynhtuananh@gmail.com', '$2y$10$t6XbG4dcDi.DdOR6GLE7peezGjXdNou2ssYA55RKYiCKEOFGGBYF6', 'Huỳnh Tuấn Anh', 0, '2000-01-13', 'Cam Ranh - Khánh Hòa', '0372978074', 'user_avt.jqg', 'MTT', NULL, NULL, NULL, NULL, 3, 0),
('', '1998003', 'nguyenthanhquynhchau@gmail.com', '$2y$10$t6XbG4dcDi.DdOR6GLE7peezGjXdNou2ssYA55RKYiCKEOFGGBYF6', 'Nguyễn Thanh Quỳnh Châu', 0, '2000-01-13', 'Cam Ranh - Khánh Hòa', '0372978074', 'user_avt.jqg', 'KTPM', NULL, NULL, NULL, NULL, 3, 0),
('', '2004006', 'nguyendinhcuong@gmail.com', '$2y$10$t6XbG4dcDi.DdOR6GLE7peezGjXdNou2ssYA55RKYiCKEOFGGBYF6', 'Nguyễn Đình Cường', 0, '2000-01-13', 'Cam Ranh - Khánh Hòa', '0372978074', 'user_avt.jqg', 'KTPM', NULL, NULL, NULL, NULL, 3, 0),
('', '2002006', 'lethibichhang@gmail.com', '$2y$10$t6XbG4dcDi.DdOR6GLE7peezGjXdNou2ssYA55RKYiCKEOFGGBYF6', 'Lê Thị Bích Hằng', 0, '2000-01-13', 'Cam Ranh - Khánh Hòa', '0372978074', 'user_avt.jqg', 'KTPM', NULL, NULL, NULL, NULL, 3, 0),
('', '2001011', 'nguyendinhhung@gmail.com', '$2y$10$t6XbG4dcDi.DdOR6GLE7peezGjXdNou2ssYA55RKYiCKEOFGGBYF6', 'Nguyễn Đình Hưng', 0, '2000-01-13', 'Cam Ranh - Khánh Hòa', '0372978074', 'user_avt.jqg', 'KTPM', NULL, NULL, NULL, NULL, 3, 0),
('', '1986006', 'nguyendinhai@gmail.com', '$2y$10$t6XbG4dcDi.DdOR6GLE7peezGjXdNou2ssYA55RKYiCKEOFGGBYF6', 'Nguyễn Đình Ái', 0, '2000-01-13', 'Cam Ranh - Khánh Hòa', '0372978074', 'user_avt.jqg', 'TOAN', NULL, NULL, NULL, NULL, 3, 0),
('', '2004008', 'nguyenthiha@gmail.com', '$2y$10$t6XbG4dcDi.DdOR6GLE7peezGjXdNou2ssYA55RKYiCKEOFGGBYF6', 'Nguyễn Thị Hà', 0, '2000-01-13', 'Cam Ranh - Khánh Hòa', '0372978074', 'user_avt.jqg', 'TOAN', NULL, NULL, NULL, NULL, 3, 0),
('', '2007019', 'nguyencanhhung@gmail.com', '$2y$10$t6XbG4dcDi.DdOR6GLE7peezGjXdNou2ssYA55RKYiCKEOFGGBYF6', 'Nguyễn Cảnh Hùng', 0, '2000-01-13', 'Cam Ranh - Khánh Hòa', '0372978074', 'user_avt.jqg', 'TOAN', NULL, NULL, NULL, NULL, 3, 0),
('', '1987002', 'phamgiahung@gmail.com', '$2y$10$t6XbG4dcDi.DdOR6GLE7peezGjXdNou2ssYA55RKYiCKEOFGGBYF6', 'Phạm Gia Hưng', 0, '2000-01-13', 'Cam Ranh - Khánh Hòa', '0372978074', 'user_avt.jqg', 'TOAN', NULL, NULL, NULL, NULL, 3, 0),
('', '2005002', 'nguyenthuydoantrang@gmail.com', '$2y$10$t6XbG4dcDi.DdOR6GLE7peezGjXdNou2ssYA55RKYiCKEOFGGBYF6', 'Nguyễn Thủy Đoan Trang', 0, '2000-01-13', 'Cam Ranh - Khánh Hòa', '0372978074', 'user_avt.jqg', 'HTTQL', NULL, NULL, NULL, NULL, 3, 0),
('', '2007031', 'nguyendinhhoangson@gmail.com', '$2y$10$t6XbG4dcDi.DdOR6GLE7peezGjXdNou2ssYA55RKYiCKEOFGGBYF6', 'Nguyễn Đình Hoàng Sơn', 0, '2000-01-13', 'Cam Ranh - Khánh Hòa', '0372978074', 'user_avt.jqg', 'HTTQL', NULL, NULL, NULL, NULL, 3, 0),
('', '2001025', 'phamthithuthuy@gmail.com', '$2y$10$t6XbG4dcDi.DdOR6GLE7peezGjXdNou2ssYA55RKYiCKEOFGGBYF6', 'Phạm Thị Thu Thúy', 0, '2000-01-13', 'Cam Ranh - Khánh Hòa', '0372978074', 'user_avt.jqg', 'HTTQL', NULL, NULL, NULL, NULL, 2, 0),
('', '2004009', 'hathithanhnga@gmail.com', '$2y$10$t6XbG4dcDi.DdOR6GLE7peezGjXdNou2ssYA55RKYiCKEOFGGBYF6', 'Hà Thị Thanh Ngà', 0, '2000-01-13', 'Cam Ranh - Khánh Hòa', '0372978074', 'user_avt.jqg', 'HTTQL', NULL, NULL, NULL, NULL, 3, 0),
('', '2009026', 'lethanhcao@gmail.com', '$2y$10$t6XbG4dcDi.DdOR6GLE7peezGjXdNou2ssYA55RKYiCKEOFGGBYF6', 'Lê Thanh Cao', 0, '2000-01-13', 'Cam Ranh - Khánh Hòa', '0372978074', 'user_avt.jqg', 'KTXD', NULL, NULL, NULL, NULL, 3, 0),
('', '2009005', 'bachvansy@gmail.com', '$2y$10$t6XbG4dcDi.DdOR6GLE7peezGjXdNou2ssYA55RKYiCKEOFGGBYF6', 'Bạch Văn Sỹ', 0, '2000-01-13', 'Cam Ranh - Khánh Hòa', '0372978074', 'user_avt.jqg', 'KTXD', NULL, NULL, NULL, NULL, 3, 0),
('', '2015021', 'tranquanghuy@gmail.com', '$2y$10$t6XbG4dcDi.DdOR6GLE7peezGjXdNou2ssYA55RKYiCKEOFGGBYF6', 'Trần Quang Huy', 0, '2000-01-13', 'Cam Ranh - Khánh Hòa', '0372978074', 'user_avt.jqg', 'KTXD', NULL, NULL, NULL, NULL, 3, 0),
('', '2012007', 'hochihan@gmail.com', '$2y$10$t6XbG4dcDi.DdOR6GLE7peezGjXdNou2ssYA55RKYiCKEOFGGBYF6', 'Hồ Chí Hân', 0, '2000-01-13', 'Cam Ranh - Khánh Hòa', '0372978074', 'user_avt.jqg', 'KTXD', NULL, NULL, NULL, NULL, 3, 0),
('', '2020003', 'truongthanhchung@gmail.com', '$2y$10$t6XbG4dcDi.DdOR6GLE7peezGjXdNou2ssYA55RKYiCKEOFGGBYF6', 'Trương Thành Chung', 0, '2000-01-13', 'Cam Ranh - Khánh Hòa', '0372978074', 'user_avt.jqg', 'CKT', NULL, NULL, NULL, NULL, 3, 0),
('', '2009008', 'truongdacdung@gmail.com', '$2y$10$t6XbG4dcDi.DdOR6GLE7peezGjXdNou2ssYA55RKYiCKEOFGGBYF6', 'Trương Đắc Dũng', 0, '2000-01-13', 'Cam Ranh - Khánh Hòa', '0372978074', 'user_avt.jqg', 'CKT', NULL, NULL, NULL, NULL, 3, 0),
('', '2009009', 'duongdinhhao@gmail.com', '$2y$10$t6XbG4dcDi.DdOR6GLE7peezGjXdNou2ssYA55RKYiCKEOFGGBYF6', 'Dương Đình Hảo', 0, '2000-01-13', 'Cam Ranh - Khánh Hòa', '0372978074', 'user_avt.jqg', 'CKT', NULL, NULL, NULL, NULL, 3, 0),
('', '1997012', 'quachhoainam@gmail.com', '$2y$10$t6XbG4dcDi.DdOR6GLE7peezGjXdNou2ssYA55RKYiCKEOFGGBYF6', 'Quách Hoài Nam', 0, '2000-01-13', 'Cam Ranh - Khánh Hòa', '0372978074', 'user_avt.jqg', 'CKT', NULL, NULL, NULL, NULL, 2, 0),
('', '2007048', 'phamtuananh@gmail.com', '$2y$10$t6XbG4dcDi.DdOR6GLE7peezGjXdNou2ssYA55RKYiCKEOFGGBYF6', 'Phạm Tuấn Anh', 0, '2000-01-13', 'Cam Ranh - Khánh Hòa', '0372978074', 'user_avt.jqg', 'CSXD', NULL, NULL, NULL, NULL, 3, 0),
('', '1991003', 'truongtronganh@gmail.com', '$2y$10$t6XbG4dcDi.DdOR6GLE7peezGjXdNou2ssYA55RKYiCKEOFGGBYF6', 'Trương Trọng Ánh', 0, '2000-01-13', 'Cam Ranh - Khánh Hòa', '0372978074', 'user_avt.jqg', 'CSXD', NULL, NULL, NULL, NULL, 3, 0),
('', '1981003', 'levanbinh@gmail.com', '$2y$10$t6XbG4dcDi.DdOR6GLE7peezGjXdNou2ssYA55RKYiCKEOFGGBYF6', 'Lê Văn Bình', 0, '2000-01-13', 'Cam Ranh - Khánh Hòa', '0372978074', 'user_avt.jqg', 'CSXD', NULL, NULL, NULL, NULL, 3, 0),
('', '1987009', 'tranngocnhuan@gmail.com', '$2y$10$t6XbG4dcDi.DdOR6GLE7peezGjXdNou2ssYA55RKYiCKEOFGGBYF6', 'Trần Ngọc Nhuần', 0, '2000-01-13', 'Cam Ranh - Khánh Hòa', '0372978074', 'user_avt.jqg', 'CSXD', NULL, NULL, NULL, NULL, 3, 0),
('', '2007011', 'nguyenthienchuong@gmail.com', '$2y$10$t6XbG4dcDi.DdOR6GLE7peezGjXdNou2ssYA55RKYiCKEOFGGBYF6', 'Nguyễn Thiên Chương', 0, '2000-01-13', 'Cam Ranh - Khánh Hòa', '0372978074', 'user_avt.jqg', 'CDT', NULL, NULL, NULL, NULL, 3, 0),
('', '2007040', 'tranvanhung@gmail.com', '$2y$10$t6XbG4dcDi.DdOR6GLE7peezGjXdNou2ssYA55RKYiCKEOFGGBYF6', 'Trần Văn Hùng', 0, '2000-01-13', 'Cam Ranh - Khánh Hòa', '0372978074', 'user_avt.jqg', 'CDT', NULL, NULL, NULL, NULL, 2, 0),
('', '2014006', 'vuthinhai@gmail.com', '$2y$10$t6XbG4dcDi.DdOR6GLE7peezGjXdNou2ssYA55RKYiCKEOFGGBYF6', 'Vũ Thị Nhài', 0, '2000-01-13', 'Cam Ranh - Khánh Hòa', '0372978074', 'user_avt.jqg', 'CDT', NULL, NULL, NULL, NULL, 3, 0),
('', '2007014', 'nguyenvandinh@gmail.com', '$2y$10$t6XbG4dcDi.DdOR6GLE7peezGjXdNou2ssYA55RKYiCKEOFGGBYF6', 'Nguyễn Văn Định', 0, '2000-01-13', 'Cam Ranh - Khánh Hòa', '0372978074', 'user_avt.jqg', 'CDT', NULL, NULL, NULL, NULL, 3, 0),
('', '2010015', 'vungocchien@gmail.com', '$2y$10$t6XbG4dcDi.DdOR6GLE7peezGjXdNou2ssYA55RKYiCKEOFGGBYF6', 'Vũ Ngọc Chiên', 0, '2000-01-13', 'Cam Ranh - Khánh Hòa', '0372978074', 'user_avt.jqg', 'CTM', NULL, NULL, NULL, NULL, 3, 0),
('', '2007018', 'nguyenvanhan@gmail.com', '$2y$10$t6XbG4dcDi.DdOR6GLE7peezGjXdNou2ssYA55RKYiCKEOFGGBYF6', 'Nguyễn Văn Hân', 0, '2000-01-13', 'Cam Ranh - Khánh Hòa', '0372978074', 'user_avt.jqg', 'CTM', NULL, NULL, NULL, NULL, 3, 0),
('', '1999004', 'trandoanhung@gmail.com', '$2y$10$t6XbG4dcDi.DdOR6GLE7peezGjXdNou2ssYA55RKYiCKEOFGGBYF6', 'Trần Doãn Hùng', 0, '2000-01-13', 'Cam Ranh - Khánh Hòa', '0372978074', 'user_avt.jqg', 'CTM', NULL, NULL, NULL, NULL, 3, 0),
('', '2010001', 'nguyenminhquan@gmail.com', '$2y$10$t6XbG4dcDi.DdOR6GLE7peezGjXdNou2ssYA55RKYiCKEOFGGBYF6', 'Nguyễn Minh Quân', 0, '2000-01-13', 'Cam Ranh - Khánh Hòa', '0372978074', 'user_avt.jqg', 'CTM', NULL, NULL, NULL, NULL, 2, 0);

INSERT INTO `permission` (`role_id`, `route_id`, `status`, `created_at`, `updated_at`) VALUES
('1','1', '1', NULL, NULL),
('1','2', '1', NULL, NULL),
('1','3', '1', NULL, NULL),
('1','4', '1', NULL, NULL),
('1','5', '1', NULL, NULL),
('1','6', '1', NULL, NULL),
('1','7', '1', NULL, NULL),
('1','8', '1', NULL, NULL),
('1','9', '1', NULL, NULL),
('1','10', '1', NULL, NULL),
('1','11', '1', NULL, NULL),
('1','12', '1', NULL, NULL),
('1','13', '1', NULL, NULL),
('1','14', '1', NULL, NULL),
('1','15', '1', NULL, NULL),
('1','16', '1', NULL, NULL),
('1','17', '1', NULL, NULL),
('1','18', '1', NULL, NULL),
('1','19', '1', NULL, NULL),
('1','20', '1', NULL, NULL),
('1','21', '1', NULL, NULL),
('1','22', '1', NULL, NULL),
('1','23', '1', NULL, NULL),
('1','24', '1', NULL, NULL),
('1','25', '1', NULL, NULL),

('2','5', '1', NULL, NULL),
('2','6', '1', NULL, NULL),
('2','7', '1', NULL, NULL),
('2','8', '1', NULL, NULL),
('2','17', '1', NULL, NULL),
('2','18', '1', NULL, NULL),
('2','19', '1', NULL, NULL),
('2','20', '1', NULL, NULL),
('2','21', '1', NULL, NULL),
('2','22', '1', NULL, NULL),
('2','23', '1', NULL, NULL),
('2','24', '1', NULL, NULL),

('3','25', '1', NULL, NULL);
